"HITId","HITTypeId","Title","Description","Keywords","Reward","CreationTime","MaxAssignments","RequesterAnnotation","AssignmentDurationInSeconds","AutoApprovalDelayInSeconds","Expiration","NumberOfSimilarHITs","LifetimeInSeconds","AssignmentId","WorkerId","AssignmentStatus","AcceptTime","SubmitTime","AutoApprovalTime","ApprovalTime","RejectionTime","RequesterFeedback","WorkTimeInSeconds","LifetimeApprovalRate","Last30DaysApprovalRate","Last7DaysApprovalRate","Input.conversation","Input.speaker","Input.utterance","Input.categories","Input.question","Answer.intent.label","Answer.reason","Approve","Reject"
"335VBRURE0WHVNS6TGA8M08RF859EA","3I3SD0LMZLOV93NQMFNM9E2LEO9HS3","Select the most relevant intention expressed by the text","Select the most relevant intention expressed by the text","text, classification, intent","$0.40","Wed Dec 06 00:51:03 PST 2023","3","BatchId:5164693;OriginalHitTemplateId:929448123;","86400","432000","Wed Dec 13 00:51:03 PST 2023","","","324G5B4FBL4HCYNDXEIBCZA73E7704","A2CXKGZKTD6XNH","Approved","Wed Dec 06 09:39:29 PST 2023","Wed Dec 06 10:16:31 PST 2023","Mon Dec 11 10:16:31 PST 2023","Wed Dec 06 10:24:53 PST 2023","","","2222","100% (130/130)","100% (130/130)","100% (77/77)","ER:Hi there, are you familiar with the organization Save the Children (STC)? What&#39;s your perspective on charitable organizations like STC?<%%>EE:Yeah, I&#39;ve heard about it but never really looked into it. <%%>ER:STC is a long-standing NGO working globally to enhance children&#39;s lives. They ensure basic health rights, education and safety for children. With donations, they can achieve more.<%%>EE:Hmm call it skepticism, but I haven&#39;t thought about donating there.<%%>ER:But consider this, your small contribution could protect the rights of a deprived child. Isn&#39;t that impactful?<%%>EE:I get it, but I have financial constraints. I can&#39;t donate everywhere.<%%>ER:You don&#39;t need to donate everywhere, but $1 won&#39;t make a huge hole in your pocket, would it?<%%>EE:I understand the sentiment, but I&#39;m saving up for urgent needs.<%%>ER:Can those needs truly outweigh the suffering of a starving child? ","ER","Can those needs truly outweigh the suffering of a starving child?","['ER criticizes EE.', 'ER expresses their preference for charities or the targets they want to help.', 'ER motivates EE to donate to STC, such as by explaining the essential role their donation plays in helping children or highlighting the suffering children endure due to war, poverty, and other hardships.', 'ER asks or confirms the amount that EE is donating to STC.', ]","What is the intention of the ER's utterance: 'Can those needs truly outweigh the suffering of a starving child? ' ? Choose one option and provide the reason for your choice in the space below.","ER motivates EE to donate to STC, such as by explaining the essential role their donation plays in helping children or highlighting the suffering children endure due to war, poverty, and other hardships.","Reasons for the chosen option: In this utterance, the ER is attempting to motivate EE to consider the impact of their donation by highlighting the contrast between the financial constraints EE mentions and the suffering of a starving child. The ER is trying to convey that even a small contribution can make a significant difference in alleviating the hardships faced by children.  Reasons why the other options are inappropriate:      Option 1: ER criticizes EE.     The ER is not directly criticizing EE in this context. Instead, the emphasis is on motivating EE to consider the impact of their donation by posing a question about the relative importance of urgent needs versus the suffering of a child.      Option 2: ER expresses their preference for charities or the targets they want to help.     The focus of ER's statement is not on expressing a personal preference for charities. Instead, it's an attempt to motivate EE by framing the potential impact of their donation on a child's well-being.      Option 4: ER asks or confirms the amount that EE is donating to STC.     The ER is not directly asking or confirming the amount that EE is donating in this statement. The emphasis is on motivating EE to consider the impact of their donation in the face of urgent needs."
"335VBRURE0WHVNS6TGA8M08RF859EA","3I3SD0LMZLOV93NQMFNM9E2LEO9HS3","Select the most relevant intention expressed by the text","Select the most relevant intention expressed by the text","text, classification, intent","$0.40","Wed Dec 06 00:51:03 PST 2023","3","BatchId:5164693;OriginalHitTemplateId:929448123;","86400","432000","Wed Dec 13 00:51:03 PST 2023","","","3I7DHKZYG5WTMYOKC3MZHMJFI9I5F6","A3UKP9P1WXWHOX","Approved","Wed Dec 06 02:28:27 PST 2023","Wed Dec 06 03:24:41 PST 2023","Mon Dec 11 03:24:41 PST 2023","Wed Dec 06 10:24:53 PST 2023","","","3374","100% (211/212)","100% (211/212)","100% (75/75)","ER:Hi there, are you familiar with the organization Save the Children (STC)? What&#39;s your perspective on charitable organizations like STC?<%%>EE:Yeah, I&#39;ve heard about it but never really looked into it. <%%>ER:STC is a long-standing NGO working globally to enhance children&#39;s lives. They ensure basic health rights, education and safety for children. With donations, they can achieve more.<%%>EE:Hmm call it skepticism, but I haven&#39;t thought about donating there.<%%>ER:But consider this, your small contribution could protect the rights of a deprived child. Isn&#39;t that impactful?<%%>EE:I get it, but I have financial constraints. I can&#39;t donate everywhere.<%%>ER:You don&#39;t need to donate everywhere, but $1 won&#39;t make a huge hole in your pocket, would it?<%%>EE:I understand the sentiment, but I&#39;m saving up for urgent needs.<%%>ER:Can those needs truly outweigh the suffering of a starving child? ","ER","Can those needs truly outweigh the suffering of a starving child?","['ER criticizes EE.', 'ER expresses their preference for charities or the targets they want to help.', 'ER motivates EE to donate to STC, such as by explaining the essential role their donation plays in helping children or highlighting the suffering children endure due to war, poverty, and other hardships.', 'ER asks or confirms the amount that EE is donating to STC.', ]","What is the intention of the ER's utterance: 'Can those needs truly outweigh the suffering of a starving child? ' ? Choose one option and provide the reason for your choice in the space below.","ER motivates EE to donate to STC, such as by explaining the essential role their donation plays in helping children or highlighting the suffering children endure due to war, poverty, and other hardships.","The intention of the ER's utterance is to motivate EE to donate by appealing to their sense of empathy and highlighting the urgency of addressing the suffering of a starving child. The ER is encouraging EE to consider the impact their contribution could have on alleviating the hardships faced by children in need.  Why other options are inappropriate:  Option 1 (ER criticizes EE): The ER is not criticizing EE but rather urging them to think about the impact of their potential donation.  Option 2 (ER expresses their preference for charities or the targets they want to help): The ER is not expressing a personal preference but is emphasizing the importance of addressing the suffering of children in need.  Option 4 (ER asks or confirms the amount that EE is donating to STC): The ER is not directly asking about the donation amount but is focused on motivating EE to consider making a contribution."
"335VBRURE0WHVNS6TGA8M08RF859EA","3I3SD0LMZLOV93NQMFNM9E2LEO9HS3","Select the most relevant intention expressed by the text","Select the most relevant intention expressed by the text","text, classification, intent","$0.40","Wed Dec 06 00:51:03 PST 2023","3","BatchId:5164693;OriginalHitTemplateId:929448123;","86400","432000","Wed Dec 13 00:51:03 PST 2023","","","3YT88D1N0QU1O5TUZVP3I2D0C9JK38","A1IMLTXT2RBEFO","Approved","Wed Dec 06 03:54:13 PST 2023","Wed Dec 06 04:43:54 PST 2023","Mon Dec 11 04:43:54 PST 2023","Wed Dec 06 10:24:53 PST 2023","","","2981","100% (199/200)","100% (199/200)","100% (73/73)","ER:Hi there, are you familiar with the organization Save the Children (STC)? What&#39;s your perspective on charitable organizations like STC?<%%>EE:Yeah, I&#39;ve heard about it but never really looked into it. <%%>ER:STC is a long-standing NGO working globally to enhance children&#39;s lives. They ensure basic health rights, education and safety for children. With donations, they can achieve more.<%%>EE:Hmm call it skepticism, but I haven&#39;t thought about donating there.<%%>ER:But consider this, your small contribution could protect the rights of a deprived child. Isn&#39;t that impactful?<%%>EE:I get it, but I have financial constraints. I can&#39;t donate everywhere.<%%>ER:You don&#39;t need to donate everywhere, but $1 won&#39;t make a huge hole in your pocket, would it?<%%>EE:I understand the sentiment, but I&#39;m saving up for urgent needs.<%%>ER:Can those needs truly outweigh the suffering of a starving child? ","ER","Can those needs truly outweigh the suffering of a starving child?","['ER criticizes EE.', 'ER expresses their preference for charities or the targets they want to help.', 'ER motivates EE to donate to STC, such as by explaining the essential role their donation plays in helping children or highlighting the suffering children endure due to war, poverty, and other hardships.', 'ER asks or confirms the amount that EE is donating to STC.', ]","What is the intention of the ER's utterance: 'Can those needs truly outweigh the suffering of a starving child? ' ? Choose one option and provide the reason for your choice in the space below.","ER motivates EE to donate to STC, such as by explaining the essential role their donation plays in helping children or highlighting the suffering children endure due to war, poverty, and other hardships.","The intention of the ER's utterance is to motivate EE to consider donating to STC by emphasizing the impact a small contribution could have on protecting the rights of a deprived child. The ER is not criticizing EE, expressing personal preference, or asking for a specific donation amount but is providing reasons to encourage charitable giving.  Why other options are inappropriate:  Option 1 (ER criticizes EE): The ER is not criticizing EE but is rather presenting reasons to consider donating.  Option 2 (ER expresses their preference for charities or the targets they want to help): While the ER does emphasize the importance of the cause, the primary focus is on motivating EE to donate rather than expressing personal preference.  Option 4 (ER asks or confirms the amount that EE is donating to STC): The ER is not asking for confirmation of the donation amount but is motivating EE to consider contributing to STC."
"336OE47KJJG99UR0HH9A0O4OD4SWVS","3I3SD0LMZLOV93NQMFNM9E2LEO9HS3","Select the most relevant intention expressed by the text","Select the most relevant intention expressed by the text","text, classification, intent","$0.40","Wed Dec 06 00:51:03 PST 2023","3","BatchId:5164693;OriginalHitTemplateId:929448123;","86400","432000","Wed Dec 13 00:51:03 PST 2023","","","33FBRBDW66V564NCJZ31L083NMJC8W","A3UKP9P1WXWHOX","Approved","Wed Dec 06 01:13:21 PST 2023","Wed Dec 06 03:22:07 PST 2023","Mon Dec 11 03:22:07 PST 2023","Wed Dec 06 10:24:54 PST 2023","","","7726","100% (211/212)","100% (211/212)","100% (75/75)","ER:Hi there, are you familiar with the organization Save the Children (STC)? What&#39;s your perspective on charitable organizations like STC?<%%>EE:Yeah, I&#39;ve heard about it but never really looked into it. <%%>ER:STC is a long-standing NGO working globally to enhance children&#39;s lives. They ensure basic health rights, education and safety for children. With donations, they can achieve more.<%%>EE:Hmm call it skepticism, but I haven&#39;t thought about donating there.<%%>ER:But consider this, your small contribution could protect the rights of a deprived child. Isn&#39;t that impactful?<%%>EE:I get it, but I have financial constraints. I can&#39;t donate everywhere.<%%>ER:You don&#39;t need to donate everywhere, but $1 won&#39;t make a huge hole in your pocket, would it?<%%>EE:I understand the sentiment, but I&#39;m saving up for urgent needs.<%%>ER:Can those needs truly outweigh the suffering of a starving child? <%%>EE:Look, not everything is as black and white. <%%>ER:You are correct, but can we agree that some things require immediate attention and actions?","ER","You are correct, but can we agree that some things require immediate attention and actions?","['ER criticizes EE.', 'ER expresses their preference for charities or the targets they want to help.', 'ER motivates EE to donate to STC, such as by explaining the essential role their donation plays in helping children or highlighting the suffering children endure due to war, poverty, and other hardships.', 'ER asks or confirms the amount that EE is donating to STC.', ]","What is the intention of the ER's utterance: 'You are correct, but can we agree that some things require immediate attention and actions?' ? Choose one option and provide the reason for your choice in the space below.","ER motivates EE to donate to STC, such as by explaining the essential role their donation plays in helping children or highlighting the suffering children endure due to war, poverty, and other hardships.","The intention of the ER's utterance is to motivate EE to donate by emphasizing the urgency and impact of their contribution on the well-being of deprived children. The ER is appealing to EE's sense of immediacy and the importance of taking action to address pressing issues.  Why other options are inappropriate:  Option 1 (ER criticizes EE): The ER is not criticizing EE but rather engaging in a discussion to motivate them.  Option 2 (ER expresses their preference for charities or the targets they want to help): The ER is not expressing a personal preference but is encouraging EE to consider contributing to a cause they believe is impactful.  Option 4 (ER asks or confirms the amount that EE is donating to STC): The ER is not directly asking about the donation amount but is motivating EE to consider making a contribution."
"336OE47KJJG99UR0HH9A0O4OD4SWVS","3I3SD0LMZLOV93NQMFNM9E2LEO9HS3","Select the most relevant intention expressed by the text","Select the most relevant intention expressed by the text","text, classification, intent","$0.40","Wed Dec 06 00:51:03 PST 2023","3","BatchId:5164693;OriginalHitTemplateId:929448123;","86400","432000","Wed Dec 13 00:51:03 PST 2023","","","34FNN24DC45ZMP5FHTEN67QVOKRY5F","A2CXKGZKTD6XNH","Approved","Wed Dec 06 05:36:42 PST 2023","Wed Dec 06 06:09:16 PST 2023","Mon Dec 11 06:09:16 PST 2023","Wed Dec 06 10:24:53 PST 2023","","","1954","100% (130/130)","100% (130/130)","100% (77/77)","ER:Hi there, are you familiar with the organization Save the Children (STC)? What&#39;s your perspective on charitable organizations like STC?<%%>EE:Yeah, I&#39;ve heard about it but never really looked into it. <%%>ER:STC is a long-standing NGO working globally to enhance children&#39;s lives. They ensure basic health rights, education and safety for children. With donations, they can achieve more.<%%>EE:Hmm call it skepticism, but I haven&#39;t thought about donating there.<%%>ER:But consider this, your small contribution could protect the rights of a deprived child. Isn&#39;t that impactful?<%%>EE:I get it, but I have financial constraints. I can&#39;t donate everywhere.<%%>ER:You don&#39;t need to donate everywhere, but $1 won&#39;t make a huge hole in your pocket, would it?<%%>EE:I understand the sentiment, but I&#39;m saving up for urgent needs.<%%>ER:Can those needs truly outweigh the suffering of a starving child? <%%>EE:Look, not everything is as black and white. <%%>ER:You are correct, but can we agree that some things require immediate attention and actions?","ER","You are correct, but can we agree that some things require immediate attention and actions?","['ER criticizes EE.', 'ER expresses their preference for charities or the targets they want to help.', 'ER motivates EE to donate to STC, such as by explaining the essential role their donation plays in helping children or highlighting the suffering children endure due to war, poverty, and other hardships.', 'ER asks or confirms the amount that EE is donating to STC.', ]","What is the intention of the ER's utterance: 'You are correct, but can we agree that some things require immediate attention and actions?' ? Choose one option and provide the reason for your choice in the space below.","ER motivates EE to donate to STC, such as by explaining the essential role their donation plays in helping children or highlighting the suffering children endure due to war, poverty, and other hardships.","Reasons for the chosen option: In this conversation, ER is attempting to motivate EE to consider donating to Save the Children. They emphasize the impact of a small contribution in protecting the rights of deprived children, addressing their basic needs, and highlighting the urgency of the situation. The focus is on providing reasons and motivations for EE to contribute to STC.  Reasons why the other options are inappropriate:      Option 1: ER criticizes EE.     ER is not criticizing EE in this conversation. Instead, they are presenting information and trying to encourage EE to think about the impact of their potential donation.      Option 2: ER expresses their preference for charities or the targets they want to help.     ER is not expressing a personal preference for charities in this conversation. Their aim is to motivate EE to contribute to Save the Children rather than expressing a subjective preference.      Option 4: ER asks or confirms the amount that EE is donating to STC.     ER is not asking or confirming the amount in this conversation. The primary focus is on motivating EE by explaining the impact of their donation on helping children globally."
"336OE47KJJG99UR0HH9A0O4OD4SWVS","3I3SD0LMZLOV93NQMFNM9E2LEO9HS3","Select the most relevant intention expressed by the text","Select the most relevant intention expressed by the text","text, classification, intent","$0.40","Wed Dec 06 00:51:03 PST 2023","3","BatchId:5164693;OriginalHitTemplateId:929448123;","86400","432000","Wed Dec 13 00:51:03 PST 2023","","","3ZR9AIQJUT5KTB5UVGK49NQXCBE048","A1IMLTXT2RBEFO","Approved","Wed Dec 06 04:40:17 PST 2023","Wed Dec 06 05:30:51 PST 2023","Mon Dec 11 05:30:51 PST 2023","Wed Dec 06 10:24:54 PST 2023","","","3034","100% (199/200)","100% (199/200)","100% (73/73)","ER:Hi there, are you familiar with the organization Save the Children (STC)? What&#39;s your perspective on charitable organizations like STC?<%%>EE:Yeah, I&#39;ve heard about it but never really looked into it. <%%>ER:STC is a long-standing NGO working globally to enhance children&#39;s lives. They ensure basic health rights, education and safety for children. With donations, they can achieve more.<%%>EE:Hmm call it skepticism, but I haven&#39;t thought about donating there.<%%>ER:But consider this, your small contribution could protect the rights of a deprived child. Isn&#39;t that impactful?<%%>EE:I get it, but I have financial constraints. I can&#39;t donate everywhere.<%%>ER:You don&#39;t need to donate everywhere, but $1 won&#39;t make a huge hole in your pocket, would it?<%%>EE:I understand the sentiment, but I&#39;m saving up for urgent needs.<%%>ER:Can those needs truly outweigh the suffering of a starving child? <%%>EE:Look, not everything is as black and white. <%%>ER:You are correct, but can we agree that some things require immediate attention and actions?","ER","You are correct, but can we agree that some things require immediate attention and actions?","['ER criticizes EE.', 'ER expresses their preference for charities or the targets they want to help.', 'ER motivates EE to donate to STC, such as by explaining the essential role their donation plays in helping children or highlighting the suffering children endure due to war, poverty, and other hardships.', 'ER asks or confirms the amount that EE is donating to STC.', ]","What is the intention of the ER's utterance: 'You are correct, but can we agree that some things require immediate attention and actions?' ? Choose one option and provide the reason for your choice in the space below.","ER motivates EE to donate to STC, such as by explaining the essential role their donation plays in helping children or highlighting the suffering children endure due to war, poverty, and other hardships.","In this utterance, ER is using a motivational strategy by acknowledging EE's concerns about financial constraints and emphasizing the impact of a small contribution. ER is attempting to persuade EE to see the urgency and importance of the situation, suggesting that some things require immediate attention and actions. This is a motivational approach to encourage EE to prioritize the needs of deprived children and consider making a contribution.  Why other options are inappropriate:  ER criticizes EE: ER is not criticizing EE in this utterance. Instead, ER acknowledges EE's concerns and attempts to motivate them to consider the urgency of the situation.  ER expresses their preference for charities or the targets they want to help: ER is not expressing a personal preference for specific charities in this utterance. The focus is on motivating EE to donate by emphasizing the urgency and impact of their contribution.  ER asks or confirms the amount that EE is donating to STC: ER is not asking or confirming a specific donation amount in this utterance. Instead, the emphasis is on motivating EE to reconsider their decision by highlighting the urgency and importance of taking immediate action.  In summary, the intention of ER's utterance is motivational, urging EE to contribute to Save The Children by emphasizing the urgency and importance of the situation, and encouraging EE to consider the immediate attention and actions required to address the suffering of deprived children"
"3ZXV7Q5FKSKBZZZ50B4568UZXUNCFC","3I3SD0LMZLOV93NQMFNM9E2LEO9HS3","Select the most relevant intention expressed by the text","Select the most relevant intention expressed by the text","text, classification, intent","$0.40","Wed Dec 06 00:51:03 PST 2023","3","BatchId:5164693;OriginalHitTemplateId:929448123;","86400","432000","Wed Dec 13 00:51:03 PST 2023","","","3I7DHKZYG5WTMYOKC3MZHMJFI9UF5S","A2CXKGZKTD6XNH","Approved","Wed Dec 06 04:04:42 PST 2023","Wed Dec 06 05:02:42 PST 2023","Mon Dec 11 05:02:42 PST 2023","Wed Dec 06 10:24:55 PST 2023","","","3480","100% (130/130)","100% (130/130)","100% (77/77)","ER:Hi there, are you familiar with the organization Save the Children (STC)? What&#39;s your perspective on charitable organizations like STC?<%%>EE:Yeah, I&#39;ve heard about it but never really looked into it. <%%>ER:STC is a long-standing NGO working globally to enhance children&#39;s lives. They ensure basic health rights, education and safety for children. With donations, they can achieve more.<%%>EE:Hmm call it skepticism, but I haven&#39;t thought about donating there.<%%>ER:But consider this, your small contribution could protect the rights of a deprived child. Isn&#39;t that impactful?<%%>EE:I get it, but I have financial constraints. I can&#39;t donate everywhere.<%%>ER:You don&#39;t need to donate everywhere, but $1 won&#39;t make a huge hole in your pocket, would it?<%%>EE:I understand the sentiment, but I&#39;m saving up for urgent needs.<%%>ER:Can those needs truly outweigh the suffering of a starving child? <%%>EE:Look, not everything is as black and white. <%%>ER:You are correct, but can we agree that some things require immediate attention and actions?<%%>EE:Yes, but there are countless charitable organizations vying for donations.<%%>ER:That&#39;s undeniable. But think, if we don&#39;t give, who will?","ER","That&#39;s undeniable. But think, if we don&#39;t give, who will?","['ER criticizes EE.', 'ER expresses their preference for charities or the targets they want to help.', 'ER motivates EE to donate to STC, such as by explaining the essential role their donation plays in helping children or highlighting the suffering children endure due to war, poverty, and other hardships.', 'ER asks or confirms the amount that EE is donating to STC.', ]","What is the intention of the ER's utterance: 'That&#39;s undeniable. But think, if we don&#39;t give, who will?' ? Choose one option and provide the reason for your choice in the space below.","ER motivates EE to donate to STC, such as by explaining the essential role their donation plays in helping children or highlighting the suffering children endure due to war, poverty, and other hardships.","Reasons for the chosen option: In this utterance, ER is continuing to employ a motivational strategy to encourage EE to consider making a donation to STC. ER emphasizes the broader impact of giving and attempts to create a sense of responsibility by asking EE to think about who will give if they don't. This is aimed at persuading EE to see their contribution as a meaningful action that can make a difference in the lives of deprived children.  Reasons why the other options are inappropriate:      Option 1: ER criticizes EE.     ER is not criticizing EE in this utterance. Instead, ER is urging EE to think about the collective responsibility of giving to help those in need.      Option 2: ER expresses their preference for charities or the targets they want to help.     ER is not expressing a personal preference for a specific charity or target in this context. The focus is on motivating EE to contribute to STC by emphasizing the impact of their potential donation on children in need.      Option 4: ER asks or confirms the amount that EE is donating to STC.     ER is not asking or confirming a specific donation amount in this utterance. Instead, the emphasis is on motivating EE to recognize the importance of giving and the collective responsibility to contribute to charitable causes."
"3ZXV7Q5FKSKBZZZ50B4568UZXUNCFC","3I3SD0LMZLOV93NQMFNM9E2LEO9HS3","Select the most relevant intention expressed by the text","Select the most relevant intention expressed by the text","text, classification, intent","$0.40","Wed Dec 06 00:51:03 PST 2023","3","BatchId:5164693;OriginalHitTemplateId:929448123;","86400","432000","Wed Dec 13 00:51:03 PST 2023","","","3IOEN3P9SPFYFNUQANHJKQTLDU516C","A1IMLTXT2RBEFO","Approved","Wed Dec 06 01:43:35 PST 2023","Wed Dec 06 04:20:16 PST 2023","Mon Dec 11 04:20:16 PST 2023","Wed Dec 06 10:24:55 PST 2023","","","9401","100% (199/200)","100% (199/200)","100% (73/73)","ER:Hi there, are you familiar with the organization Save the Children (STC)? What&#39;s your perspective on charitable organizations like STC?<%%>EE:Yeah, I&#39;ve heard about it but never really looked into it. <%%>ER:STC is a long-standing NGO working globally to enhance children&#39;s lives. They ensure basic health rights, education and safety for children. With donations, they can achieve more.<%%>EE:Hmm call it skepticism, but I haven&#39;t thought about donating there.<%%>ER:But consider this, your small contribution could protect the rights of a deprived child. Isn&#39;t that impactful?<%%>EE:I get it, but I have financial constraints. I can&#39;t donate everywhere.<%%>ER:You don&#39;t need to donate everywhere, but $1 won&#39;t make a huge hole in your pocket, would it?<%%>EE:I understand the sentiment, but I&#39;m saving up for urgent needs.<%%>ER:Can those needs truly outweigh the suffering of a starving child? <%%>EE:Look, not everything is as black and white. <%%>ER:You are correct, but can we agree that some things require immediate attention and actions?<%%>EE:Yes, but there are countless charitable organizations vying for donations.<%%>ER:That&#39;s undeniable. But think, if we don&#39;t give, who will?","ER","That&#39;s undeniable. But think, if we don&#39;t give, who will?","['ER criticizes EE.', 'ER expresses their preference for charities or the targets they want to help.', 'ER motivates EE to donate to STC, such as by explaining the essential role their donation plays in helping children or highlighting the suffering children endure due to war, poverty, and other hardships.', 'ER asks or confirms the amount that EE is donating to STC.', ]","What is the intention of the ER's utterance: 'That&#39;s undeniable. But think, if we don&#39;t give, who will?' ? Choose one option and provide the reason for your choice in the space below.","ER motivates EE to donate to STC, such as by explaining the essential role their donation plays in helping children or highlighting the suffering children endure due to war, poverty, and other hardships.","The intention of the ER's utterance is to motivate EE to donate to STC by emphasizing the importance of their contribution in alleviating the suffering of deprived children. The ER is making a compelling argument for the impact of a small donation, focusing on the urgent needs of these children.  Why other options are inappropriate:  Option 1 (ER criticizes EE): The ER is not criticizing EE but rather presenting a persuasive argument to encourage donation.  Option 2 (ER expresses their preference for charities or the targets they want to help): While the ER is advocating for STC, the emphasis is on motivating EE to contribute, not expressing personal preference.  Option 4 (ER asks or confirms the amount that EE is donating to STC): The ER is encouraging EE to consider the impact of their donation, and the intention is not to directly ask for confirmation of the amount."
"3ZXV7Q5FKSKBZZZ50B4568UZXUNCFC","3I3SD0LMZLOV93NQMFNM9E2LEO9HS3","Select the most relevant intention expressed by the text","Select the most relevant intention expressed by the text","text, classification, intent","$0.40","Wed Dec 06 00:51:03 PST 2023","3","BatchId:5164693;OriginalHitTemplateId:929448123;","86400","432000","Wed Dec 13 00:51:03 PST 2023","","","3ZPBJO59K7X847UJMZSIIJJKB5THDO","A3UKP9P1WXWHOX","Approved","Wed Dec 06 02:27:42 PST 2023","Wed Dec 06 03:23:52 PST 2023","Mon Dec 11 03:23:52 PST 2023","Wed Dec 06 10:24:55 PST 2023","","","3370","100% (211/212)","100% (211/212)","100% (75/75)","ER:Hi there, are you familiar with the organization Save the Children (STC)? What&#39;s your perspective on charitable organizations like STC?<%%>EE:Yeah, I&#39;ve heard about it but never really looked into it. <%%>ER:STC is a long-standing NGO working globally to enhance children&#39;s lives. They ensure basic health rights, education and safety for children. With donations, they can achieve more.<%%>EE:Hmm call it skepticism, but I haven&#39;t thought about donating there.<%%>ER:But consider this, your small contribution could protect the rights of a deprived child. Isn&#39;t that impactful?<%%>EE:I get it, but I have financial constraints. I can&#39;t donate everywhere.<%%>ER:You don&#39;t need to donate everywhere, but $1 won&#39;t make a huge hole in your pocket, would it?<%%>EE:I understand the sentiment, but I&#39;m saving up for urgent needs.<%%>ER:Can those needs truly outweigh the suffering of a starving child? <%%>EE:Look, not everything is as black and white. <%%>ER:You are correct, but can we agree that some things require immediate attention and actions?<%%>EE:Yes, but there are countless charitable organizations vying for donations.<%%>ER:That&#39;s undeniable. But think, if we don&#39;t give, who will?","ER","That&#39;s undeniable. But think, if we don&#39;t give, who will?","['ER criticizes EE.', 'ER expresses their preference for charities or the targets they want to help.', 'ER motivates EE to donate to STC, such as by explaining the essential role their donation plays in helping children or highlighting the suffering children endure due to war, poverty, and other hardships.', 'ER asks or confirms the amount that EE is donating to STC.', ]","What is the intention of the ER's utterance: 'That&#39;s undeniable. But think, if we don&#39;t give, who will?' ? Choose one option and provide the reason for your choice in the space below.","ER motivates EE to donate to STC, such as by explaining the essential role their donation plays in helping children or highlighting the suffering children endure due to war, poverty, and other hardships.","The intention of the ER's utterance is to motivate EE to donate by emphasizing the importance of their contribution in addressing the suffering of deprived children. The ER is encouraging EE to consider the impact their donation could have on protecting the rights of a child in need.  Why other options are inappropriate:  Option 1 (ER criticizes EE): The ER is not criticizing EE but rather urging them to think about the impact of their potential donation.  Option 2 (ER expresses their preference for charities or the targets they want to help): The ER is not expressing a personal preference but is highlighting the urgency of addressing the suffering of children in need.  Option 4 (ER asks or confirms the amount that EE is donating to STC): The ER is not directly asking about the donation amount but is focused on motivating EE to consider making a contribution."
"3EPG8DX9M1M2RRFKZ4D24W2T7JNP5J","3I3SD0LMZLOV93NQMFNM9E2LEO9HS3","Select the most relevant intention expressed by the text","Select the most relevant intention expressed by the text","text, classification, intent","$0.40","Wed Dec 06 00:51:04 PST 2023","3","BatchId:5164693;OriginalHitTemplateId:929448123;","86400","432000","Wed Dec 13 00:51:04 PST 2023","","","3GNCZX4500J2JHPVL29L1RD5CTIPAB","A1IMLTXT2RBEFO","Approved","Wed Dec 06 04:07:15 PST 2023","Wed Dec 06 04:56:54 PST 2023","Mon Dec 11 04:56:54 PST 2023","Wed Dec 06 10:24:54 PST 2023","","","2979","100% (199/200)","100% (199/200)","100% (73/73)","ER:Hi there, are you familiar with the organization Save the Children (STC)? What&#39;s your perspective on charitable organizations like STC?<%%>EE:Yeah, I&#39;ve heard about it but never really looked into it. <%%>ER:STC is a long-standing NGO working globally to enhance children&#39;s lives. They ensure basic health rights, education and safety for children. With donations, they can achieve more.<%%>EE:Hmm call it skepticism, but I haven&#39;t thought about donating there.<%%>ER:But consider this, your small contribution could protect the rights of a deprived child. Isn&#39;t that impactful?<%%>EE:I get it, but I have financial constraints. I can&#39;t donate everywhere.<%%>ER:You don&#39;t need to donate everywhere, but $1 won&#39;t make a huge hole in your pocket, would it?<%%>EE:I understand the sentiment, but I&#39;m saving up for urgent needs.<%%>ER:Can those needs truly outweigh the suffering of a starving child? <%%>EE:Look, not everything is as black and white. <%%>ER:You are correct, but can we agree that some things require immediate attention and actions?<%%>EE:Yes, but there are countless charitable organizations vying for donations.<%%>ER:That&#39;s undeniable. But think, if we don&#39;t give, who will?<%%>EE:I do donate... just not to STC.<%%>ER:But have you ever thought about how STC&#39;s work differs from other charities?","ER","But have you ever thought about how STC&#39;s work differs from other charities?","['ER criticizes EE.', 'ER expresses their preference for charities or the targets they want to help.', 'ER motivates EE to donate to STC, such as by explaining the essential role their donation plays in helping children or highlighting the suffering children endure due to war, poverty, and other hardships.', 'ER asks or confirms the amount that EE is donating to STC.', ]","What is the intention of the ER's utterance: 'But have you ever thought about how STC&#39;s work differs from other charities?' ? Choose one option and provide the reason for your choice in the space below.","ER motivates EE to donate to STC, such as by explaining the essential role their donation plays in helping children or highlighting the suffering children endure due to war, poverty, and other hardships.","The intention of the ER's utterance is to motivate EE to reconsider their decision not to donate to STC. The ER is trying to emphasize the unique and impactful work that STC does in enhancing children's lives globally. The goal is to provide information that might change EE's perspective and encourage them to contribute to a cause that addresses significant global issues affecting children.  Why other options are inappropriate:  Option 1 (ER criticizes EE): The ER is not criticizing EE but rather providing information to help them make an informed decision.  Option 2 (ER expresses their preference for charities or the targets they want to help): The ER is not expressing a personal preference but is trying to motivate EE to contribute to STC by highlighting its unique contributions.  Option 4 (ER asks or confirms the amount that EE is donating to STC): The ER is not directly asking or confirming the donation amount but is motivating EE to reconsider their decision and contribute to STC."
"3EPG8DX9M1M2RRFKZ4D24W2T7JNP5J","3I3SD0LMZLOV93NQMFNM9E2LEO9HS3","Select the most relevant intention expressed by the text","Select the most relevant intention expressed by the text","text, classification, intent","$0.40","Wed Dec 06 00:51:04 PST 2023","3","BatchId:5164693;OriginalHitTemplateId:929448123;","86400","432000","Wed Dec 13 00:51:04 PST 2023","","","3KWTYT087IZFMQYGYEPXCZOZF5NL5A","A2CXKGZKTD6XNH","Approved","Wed Dec 06 05:36:35 PST 2023","Wed Dec 06 05:59:26 PST 2023","Mon Dec 11 05:59:26 PST 2023","Wed Dec 06 10:24:54 PST 2023","","","1371","100% (130/130)","100% (130/130)","100% (77/77)","ER:Hi there, are you familiar with the organization Save the Children (STC)? What&#39;s your perspective on charitable organizations like STC?<%%>EE:Yeah, I&#39;ve heard about it but never really looked into it. <%%>ER:STC is a long-standing NGO working globally to enhance children&#39;s lives. They ensure basic health rights, education and safety for children. With donations, they can achieve more.<%%>EE:Hmm call it skepticism, but I haven&#39;t thought about donating there.<%%>ER:But consider this, your small contribution could protect the rights of a deprived child. Isn&#39;t that impactful?<%%>EE:I get it, but I have financial constraints. I can&#39;t donate everywhere.<%%>ER:You don&#39;t need to donate everywhere, but $1 won&#39;t make a huge hole in your pocket, would it?<%%>EE:I understand the sentiment, but I&#39;m saving up for urgent needs.<%%>ER:Can those needs truly outweigh the suffering of a starving child? <%%>EE:Look, not everything is as black and white. <%%>ER:You are correct, but can we agree that some things require immediate attention and actions?<%%>EE:Yes, but there are countless charitable organizations vying for donations.<%%>ER:That&#39;s undeniable. But think, if we don&#39;t give, who will?<%%>EE:I do donate... just not to STC.<%%>ER:But have you ever thought about how STC&#39;s work differs from other charities?","ER","But have you ever thought about how STC&#39;s work differs from other charities?","['ER criticizes EE.', 'ER expresses their preference for charities or the targets they want to help.', 'ER motivates EE to donate to STC, such as by explaining the essential role their donation plays in helping children or highlighting the suffering children endure due to war, poverty, and other hardships.', 'ER asks or confirms the amount that EE is donating to STC.', ]","What is the intention of the ER's utterance: 'But have you ever thought about how STC&#39;s work differs from other charities?' ? Choose one option and provide the reason for your choice in the space below.","ER motivates EE to donate to STC, such as by explaining the essential role their donation plays in helping children or highlighting the suffering children endure due to war, poverty, and other hardships.","Reasons for the chosen option: In this conversation, ER is attempting to motivate EE to consider donating to Save the Children (STC) by emphasizing the impact of their contribution on protecting the rights of deprived children. The focus is on encouraging EE to see the positive impact of their donation and highlighting the urgency of addressing the suffering of children in need.  Reasons why the other options are inappropriate:      Option 1: ER criticizes EE.     ER is not criticizing EE in this conversation. Instead, ER is presenting arguments to motivate EE to consider the impact of their potential donation.      Option 2: ER expresses their preference for charities or the targets they want to help.     ER is not expressing a personal preference for charities in this statement. The emphasis is on motivating EE to think about the positive impact of their potential donation to STC.      Option 4: ER asks or confirms the amount that EE is donating to STC.     ER is not asking or confirming the amount in this utterance. The focus is on motivating EE to think about the positive impact of their potential donation to STC, not on specific details of the donation amount."
"3EPG8DX9M1M2RRFKZ4D24W2T7JNP5J","3I3SD0LMZLOV93NQMFNM9E2LEO9HS3","Select the most relevant intention expressed by the text","Select the most relevant intention expressed by the text","text, classification, intent","$0.40","Wed Dec 06 00:51:04 PST 2023","3","BatchId:5164693;OriginalHitTemplateId:929448123;","86400","432000","Wed Dec 13 00:51:04 PST 2023","","","3UWN2HHPUG16GSZCMNIKI22GYKDNSY","A3UKP9P1WXWHOX","Approved","Wed Dec 06 02:39:31 PST 2023","Wed Dec 06 03:38:15 PST 2023","Mon Dec 11 03:38:15 PST 2023","Wed Dec 06 10:24:54 PST 2023","","","3524","100% (211/212)","100% (211/212)","100% (75/75)","ER:Hi there, are you familiar with the organization Save the Children (STC)? What&#39;s your perspective on charitable organizations like STC?<%%>EE:Yeah, I&#39;ve heard about it but never really looked into it. <%%>ER:STC is a long-standing NGO working globally to enhance children&#39;s lives. They ensure basic health rights, education and safety for children. With donations, they can achieve more.<%%>EE:Hmm call it skepticism, but I haven&#39;t thought about donating there.<%%>ER:But consider this, your small contribution could protect the rights of a deprived child. Isn&#39;t that impactful?<%%>EE:I get it, but I have financial constraints. I can&#39;t donate everywhere.<%%>ER:You don&#39;t need to donate everywhere, but $1 won&#39;t make a huge hole in your pocket, would it?<%%>EE:I understand the sentiment, but I&#39;m saving up for urgent needs.<%%>ER:Can those needs truly outweigh the suffering of a starving child? <%%>EE:Look, not everything is as black and white. <%%>ER:You are correct, but can we agree that some things require immediate attention and actions?<%%>EE:Yes, but there are countless charitable organizations vying for donations.<%%>ER:That&#39;s undeniable. But think, if we don&#39;t give, who will?<%%>EE:I do donate... just not to STC.<%%>ER:But have you ever thought about how STC&#39;s work differs from other charities?","ER","But have you ever thought about how STC&#39;s work differs from other charities?","['ER criticizes EE.', 'ER expresses their preference for charities or the targets they want to help.', 'ER motivates EE to donate to STC, such as by explaining the essential role their donation plays in helping children or highlighting the suffering children endure due to war, poverty, and other hardships.', 'ER asks or confirms the amount that EE is donating to STC.', ]","What is the intention of the ER's utterance: 'But have you ever thought about how STC&#39;s work differs from other charities?' ? Choose one option and provide the reason for your choice in the space below.","ER motivates EE to donate to STC, such as by explaining the essential role their donation plays in helping children or highlighting the suffering children endure due to war, poverty, and other hardships.","The intention of the ER's utterance is to motivate EE to consider the unique and impactful aspects of STC's work compared to other charities. The ER is attempting to provide information that may address EE's skepticism and encourage them to contribute to STC by emphasizing the significance of their donation in improving the lives of deprived children.  Why other options are inappropriate:  Option 1 (ER criticizes EE): The ER is not criticizing EE but rather engaging in a conversation to address their concerns and encourage them to donate.  Option 2 (ER expresses their preference for charities or the targets they want to help): The ER is not expressing a personal preference but is focusing on the specific work and impact of STC.  Option 4 (ER asks or confirms the amount that EE is donating to STC): The ER is not directly asking about the donation amount but is trying to guide EE's thinking towards understanding the unique contributions of STC."
"3L1EFR8WXA1911S2ORUE4ITRR9K9FS","3I3SD0LMZLOV93NQMFNM9E2LEO9HS3","Select the most relevant intention expressed by the text","Select the most relevant intention expressed by the text","text, classification, intent","$0.40","Wed Dec 06 00:51:04 PST 2023","3","BatchId:5164693;OriginalHitTemplateId:929448123;","86400","432000","Wed Dec 13 00:51:04 PST 2023","","","3OUYGIZWRPU6I4RDT0CSCL1S37E0P3","A2CXKGZKTD6XNH","Approved","Wed Dec 06 05:36:40 PST 2023","Wed Dec 06 06:08:32 PST 2023","Mon Dec 11 06:08:32 PST 2023","Wed Dec 06 10:24:54 PST 2023","","","1912","100% (130/130)","100% (130/130)","100% (77/77)","ER:Hi there, are you familiar with the organization Save the Children (STC)? What&#39;s your perspective on charitable organizations like STC?<%%>EE:Yeah, I&#39;ve heard about it but never really looked into it. <%%>ER:STC is a long-standing NGO working globally to enhance children&#39;s lives. They ensure basic health rights, education and safety for children. With donations, they can achieve more.<%%>EE:Hmm call it skepticism, but I haven&#39;t thought about donating there.<%%>ER:But consider this, your small contribution could protect the rights of a deprived child. Isn&#39;t that impactful?<%%>EE:I get it, but I have financial constraints. I can&#39;t donate everywhere.<%%>ER:You don&#39;t need to donate everywhere, but $1 won&#39;t make a huge hole in your pocket, would it?<%%>EE:I understand the sentiment, but I&#39;m saving up for urgent needs.<%%>ER:Can those needs truly outweigh the suffering of a starving child? <%%>EE:Look, not everything is as black and white. <%%>ER:You are correct, but can we agree that some things require immediate attention and actions?<%%>EE:Yes, but there are countless charitable organizations vying for donations.<%%>ER:That&#39;s undeniable. But think, if we don&#39;t give, who will?<%%>EE:I do donate... just not to STC.<%%>ER:But have you ever thought about how STC&#39;s work differs from other charities?<%%>EE:There are local charities I&#39;d rather support. <%%>ER:Your local charities are undoubtedly important, but wouldn&#39;t a small donation to help children globally be valuable too?","ER","Your local charities are undoubtedly important, but wouldn&#39;t a small donation to help children globally be valuable too?","['ER criticizes EE.', 'ER expresses their preference for charities or the targets they want to help.', 'ER motivates EE to donate to STC, such as by explaining the essential role their donation plays in helping children or highlighting the suffering children endure due to war, poverty, and other hardships.', 'ER asks or confirms the amount that EE is donating to STC.', ]","What is the intention of the ER's utterance: 'Your local charities are undoubtedly important, but wouldn&#39;t a small donation to help children globally be valuable too?' ? Choose one option and provide the reason for your choice in the space below.","ER motivates EE to donate to STC, such as by explaining the essential role their donation plays in helping children or highlighting the suffering children endure due to war, poverty, and other hardships.","Reasons for the chosen option: ER is primarily focusing on motivating EE to consider donating to Save the Children. They highlight the impact of even a small contribution in protecting the rights of deprived children and emphasize the urgency of addressing the suffering of a starving child. The conversation aims to provide reasons for EE to contribute to STC and the global impact their donation could have.  Reasons why the other options are inappropriate:      Option 1: ER criticizes EE.     ER is not criticizing EE in this conversation. Instead, the focus is on providing information and motivations to encourage EE to consider donating.      Option 2: ER expresses their preference for charities or the targets they want to help.     ER is not expressing a personal preference for charities in this conversation. Instead, the emphasis is on motivating EE to contribute to Save the Children.      Option 4: ER asks or confirms the amount that EE is donating to STC.     ER is not asking or confirming the amount in this conversation. The primary focus is on motivating EE by explaining the impact of their donation on helping children globally."
"3L1EFR8WXA1911S2ORUE4ITRR9K9FS","3I3SD0LMZLOV93NQMFNM9E2LEO9HS3","Select the most relevant intention expressed by the text","Select the most relevant intention expressed by the text","text, classification, intent","$0.40","Wed Dec 06 00:51:04 PST 2023","3","BatchId:5164693;OriginalHitTemplateId:929448123;","86400","432000","Wed Dec 13 00:51:04 PST 2023","","","3OUYGIZWRPU6I4RDT0CSCL1S37V0PK","A3UKP9P1WXWHOX","Approved","Wed Dec 06 02:32:01 PST 2023","Wed Dec 06 03:31:26 PST 2023","Mon Dec 11 03:31:26 PST 2023","Wed Dec 06 10:24:54 PST 2023","","","3565","100% (211/212)","100% (211/212)","100% (75/75)","ER:Hi there, are you familiar with the organization Save the Children (STC)? What&#39;s your perspective on charitable organizations like STC?<%%>EE:Yeah, I&#39;ve heard about it but never really looked into it. <%%>ER:STC is a long-standing NGO working globally to enhance children&#39;s lives. They ensure basic health rights, education and safety for children. With donations, they can achieve more.<%%>EE:Hmm call it skepticism, but I haven&#39;t thought about donating there.<%%>ER:But consider this, your small contribution could protect the rights of a deprived child. Isn&#39;t that impactful?<%%>EE:I get it, but I have financial constraints. I can&#39;t donate everywhere.<%%>ER:You don&#39;t need to donate everywhere, but $1 won&#39;t make a huge hole in your pocket, would it?<%%>EE:I understand the sentiment, but I&#39;m saving up for urgent needs.<%%>ER:Can those needs truly outweigh the suffering of a starving child? <%%>EE:Look, not everything is as black and white. <%%>ER:You are correct, but can we agree that some things require immediate attention and actions?<%%>EE:Yes, but there are countless charitable organizations vying for donations.<%%>ER:That&#39;s undeniable. But think, if we don&#39;t give, who will?<%%>EE:I do donate... just not to STC.<%%>ER:But have you ever thought about how STC&#39;s work differs from other charities?<%%>EE:There are local charities I&#39;d rather support. <%%>ER:Your local charities are undoubtedly important, but wouldn&#39;t a small donation to help children globally be valuable too?","ER","Your local charities are undoubtedly important, but wouldn&#39;t a small donation to help children globally be valuable too?","['ER criticizes EE.', 'ER expresses their preference for charities or the targets they want to help.', 'ER motivates EE to donate to STC, such as by explaining the essential role their donation plays in helping children or highlighting the suffering children endure due to war, poverty, and other hardships.', 'ER asks or confirms the amount that EE is donating to STC.', ]","What is the intention of the ER's utterance: 'Your local charities are undoubtedly important, but wouldn&#39;t a small donation to help children globally be valuable too?' ? Choose one option and provide the reason for your choice in the space below.","ER motivates EE to donate to STC, such as by explaining the essential role their donation plays in helping children or highlighting the suffering children endure due to war, poverty, and other hardships.","The intention of the ER's utterance is to motivate EE to consider making a small donation to help children globally, emphasizing the value of such contributions alongside their support for local charities. The ER is encouraging EE to broaden their perspective and understand the impact their donation could have on improving the lives of deprived children.  Why other options are inappropriate:  Option 1 (ER criticizes EE): The ER is not criticizing EE but is trying to provide additional information and motivation to encourage a donation.  Option 2 (ER expresses their preference for charities or the targets they want to help): The ER is not expressing a personal preference but is encouraging EE to consider the importance of supporting both local and global causes.  Option 4 (ER asks or confirms the amount that EE is donating to STC): The ER is not directly asking about the donation amount but is focused on motivating EE to reconsider their decision based on the importance of supporting STC."
"3L1EFR8WXA1911S2ORUE4ITRR9K9FS","3I3SD0LMZLOV93NQMFNM9E2LEO9HS3","Select the most relevant intention expressed by the text","Select the most relevant intention expressed by the text","text, classification, intent","$0.40","Wed Dec 06 00:51:04 PST 2023","3","BatchId:5164693;OriginalHitTemplateId:929448123;","86400","432000","Wed Dec 13 00:51:04 PST 2023","","","3WZ36BJEVLC5UJNU8XI11CY8JEQBTZ","A1IMLTXT2RBEFO","Approved","Wed Dec 06 04:19:14 PST 2023","Wed Dec 06 05:10:59 PST 2023","Mon Dec 11 05:10:59 PST 2023","Wed Dec 06 10:24:54 PST 2023","","","3105","100% (199/200)","100% (199/200)","100% (73/73)","ER:Hi there, are you familiar with the organization Save the Children (STC)? What&#39;s your perspective on charitable organizations like STC?<%%>EE:Yeah, I&#39;ve heard about it but never really looked into it. <%%>ER:STC is a long-standing NGO working globally to enhance children&#39;s lives. They ensure basic health rights, education and safety for children. With donations, they can achieve more.<%%>EE:Hmm call it skepticism, but I haven&#39;t thought about donating there.<%%>ER:But consider this, your small contribution could protect the rights of a deprived child. Isn&#39;t that impactful?<%%>EE:I get it, but I have financial constraints. I can&#39;t donate everywhere.<%%>ER:You don&#39;t need to donate everywhere, but $1 won&#39;t make a huge hole in your pocket, would it?<%%>EE:I understand the sentiment, but I&#39;m saving up for urgent needs.<%%>ER:Can those needs truly outweigh the suffering of a starving child? <%%>EE:Look, not everything is as black and white. <%%>ER:You are correct, but can we agree that some things require immediate attention and actions?<%%>EE:Yes, but there are countless charitable organizations vying for donations.<%%>ER:That&#39;s undeniable. But think, if we don&#39;t give, who will?<%%>EE:I do donate... just not to STC.<%%>ER:But have you ever thought about how STC&#39;s work differs from other charities?<%%>EE:There are local charities I&#39;d rather support. <%%>ER:Your local charities are undoubtedly important, but wouldn&#39;t a small donation to help children globally be valuable too?","ER","Your local charities are undoubtedly important, but wouldn&#39;t a small donation to help children globally be valuable too?","['ER criticizes EE.', 'ER expresses their preference for charities or the targets they want to help.', 'ER motivates EE to donate to STC, such as by explaining the essential role their donation plays in helping children or highlighting the suffering children endure due to war, poverty, and other hardships.', 'ER asks or confirms the amount that EE is donating to STC.', ]","What is the intention of the ER's utterance: 'Your local charities are undoubtedly important, but wouldn&#39;t a small donation to help children globally be valuable too?' ? Choose one option and provide the reason for your choice in the space below.","ER motivates EE to donate to STC, such as by explaining the essential role their donation plays in helping children or highlighting the suffering children endure due to war, poverty, and other hardships.","In this utterance, ER is using a motivational approach to encourage EE to reconsider their decision not to donate to Save The Children. ER acknowledges the importance of local charities but suggests that a small donation to help children globally would also be valuable. The intention is to motivate EE by emphasizing the significance and impact of their potential contribution to STC.  Why other options are inappropriate:  ER criticizes EE: ER is not criticizing EE in this utterance. While there is a challenge presented, the focus is on motivating EE to consider the impact of their choices rather than criticizing their decision.  ER expresses their preference for charities or the targets they want to help: While ER acknowledges the importance of local charities, the primary focus is on motivating EE to donate by highlighting the potential value of contributing to help children globally, rather than expressing a personal preference for specific charities.  ER asks or confirms the amount that EE is donating to STC: ER is not asking or confirming a specific donation amount in this utterance. Instead, the emphasis is on motivating EE to reconsider their decision by highlighting the significance of a small donation to STC.  In summary, the intention of ER's utterance is motivational, urging EE to contribute to Save The Children by emphasizing the value of a small donation to help children globally in addition to supporting local charities."